  BANCO   : 024 - BANCO BANDEPE S.A.|||
|||
AGENCIA  | TITULO  | UF| PRACA DE PAGAMENTO 
1|CENTRO|PE|RECIFE
2|GARANHUNS|PE|GARANHUNS
4|ARARIPINA|PE|ARARIPINA
5|NAZARE DA MATA|PE|NAZARE DA MATA
7|SANTO ANTONIO|PE|RECIFE
8|PETROLINA|PE|PETROLINA
9|BELO JARDIM|PE|BELO JARDIM
10|LIMOEIRO|PE|LIMOEIRO
11|TIMBAUBA|PE|TIMBAUBA
12|VITORIA DE SANTO ANTAO|PE|VITORIA DE SANTO A
13|PALMARES|PE|PALMARES
16|IMPERATRIZ|PE|RECIFE
17|CARUARU|PE|CARUARU
18|RIO DE JANEIRO|RJ|RIO DE JANEIRO
19|BONITO|PE|BONITO
22|CEASA|PE|RECIFE
23|SANTA MARIA DA BOA VISTA|PE|SANTA MARIA DA BOA
24|PAUDALHO|PE|PAUDALHO
25|IGARASSU|PE|IGARASSU
29|RIBEIRAO|PE|RIBEIRAO
31|MORENO|PE|MORENO
34|RIO FORMOSO|PE|RIO FORMOSO
36|PRAZERES|PE|JABOATAO DOS GUARA
37|SAO PAULO|SP|SAO PAULO
39|PAULISTA|PE|PAULISTA
41|IPOJUCA|PE|IPOJUCA
45|BEZERROS|PE|BEZERROS
46|ARCOVERDE|PE|ARCOVERDE
47|OLINDA|PE|OLINDA
48|CAXANGA|PE|RECIFE
49|BOA VIAGEM|PE|RECIFE
51|AFOGADOS|PE|RECIFE
52|ARRUDA|PE|RECIFE
53|SAO JOSE|PE|RECIFE
54|OURICURI|PE|OURICURI
56|CASA AMARELA|PE|RECIFE
57|CARPINA|PE|CARPINA
58|SALGUEIRO|PE|SALGUEIRO
59|CAMARAGIBE|PE|CAMARAGIBE
60|BOM CONSELHO|PE|BOM CONSELHO
64|AFOGADOS DA INGAZEIRA|PE|AFOGADOS DA INGAZE
65|GOIANA|PE|GOIANA
66|PESQUEIRA|PE|PESQUEIRA
67|SURUBIM|PE|SURUBIM
84|CADE BANDEPE|SP|SAO PAULO
100|S. BENTO DO UNA|PE|SAO BENTO DO UNA
120|JOAO PESSOA|PB|JOAO PESSOA
122|SERRA TALHADA|PE|SERRA TALHADA
140|CATENDE|PE|CATENDE
144|GRAVATA|PE|GRAVATA
145|SANTA CRUZ DO CAPIBARIBE|PE|SANTA CRUZ DO CAPI
152|CONDE DA BOA VISTA|PE|RECIFE
153|ESPINHEIRO|PE|RECIFE
154|CRUZ CABUGA|PE|RECIFE
156|CABO|PE|CABO DE SANTO AGOS
157|RIVER SHOPPING PETROLINA|PE|PETROLINA
289|C.O.RECIFE|PE|RECIFE
903|DIRECAO GERAL|PE|RECIFE
1001|MATRIZ|PE|RECIFE
1002|GARANHUNS|PE|GARANHUNS
1003|CASA FORTE|PE|RECIFE
1004|ARARIPINA|PE|ARARIPINA
1005|NAZARE|PE|NAZARE DA MATA
1006|PLAT.SETOR PUBLICO|PE|RECIFE
1007|SANTO ANTONIO|PE|RECIFE
1008|PETROLINA|PE|PETROLINA
1009|BELO JARDIM|PE|BELO JARDIM
1010|LIMOEIRO|PE|LIMOEIRO
1011|TIMBAUBA|PE|TIMBAUBA
1012|VITORIA DE SANTO ANTAO|PE|VITORIA DE SANTO A
1013|PALMARES|PE|PALMARES
1014|FORUM RECIFE|PE|RECIFE
1015|DERBY|PE|RECIFE
1016|IMPERATRIZ|PE|RECIFE
1017|CARUARU|PE|CARUARU
1019|BONITO|PE|BONITO
1020|OSWALDO CRUZ|PE|RECIFE
1021|COMANDO GERAL DA PMPE|PE|RECIFE
1022|CEASA|PE|RECIFE
1023|SANTA MARIA DA BOA VISTA|PE|SANTA MARIA DA BOA
1024|PAUDALHO|PE|PAUDALHO
1025|IGARASSU|PE|IGARASSU
1026|AGUAS BELAS|PE|AGUAS BELAS
1027|LAJEDO|PE|LAJEDO
1028|BARREIROS|PE|BARREIROS
1029|RIBEIRAO|PE|RIBEIRAO
1030|ESCADA|PE|ESCADA
1031|MORENO|PE|MORENO
1032|SAO LOURENCO DA MATA|PE|SAO LOURENCO DA MA
1033|SAO JOSE DO EGITO|PE|SAO JOSE DO EGITO
1034|RIO FORMOSO|PE|RIO FORMOSO
1035|FLORESTA|PE|FLORESTA
1036|PRAZERES|PE|JABOATAO DOS GUARA
1037|CABROBO|PE|CABROBO
1038|PETROLANDIA|PE|PETROLANDIA
1039|PAULISTA|PE|PAULISTA
1041|IPOJUCA|PE|IPOJUCA
1045|BEZERROS|PE|BEZERROS
1046|ARCOVERDE|PE|ARCOVERDE
1047|OLINDA|PE|OLINDA
1048|CAXANGUA|PE|RECIFE
1049|BOA VIAGEM|PE|RECIFE
1051|AFOGADOS|PE|RECIFE
1052|ARRUDA|PE|RECIFE
1053|SAO JOSE|PE|RECIFE
1054|OURICURI|PE|OURICURI
1056|CASA AMARELA|PE|RECIFE
1057|CARPINA|PE|CARPINA
1058|SALGUEIRO|PE|SALGUEIRO
1059|CAMARAGIBE|PE|CAMARAGIBE
1060|BOM CONSELHO|PE|BOM CONSELHO
1064|AFOGADOS DA INGAZEIRA|PE|AFOGADOS DA INGAZE
1065|GOIANA|PE|GOIANA
1066|PESQUEIRA|PE|PESQUEIRA
1067|SURUBIM|PE|SURUBIM
1100|SAO BENTO DO UNA|PE|SAO BENTO DO UNA
1124|SERRA TALHADA|PE|SERRA TALHADA
1140|CATENDE|PE|CATENDE
1146|GRAVATA|PE|GRAVATA
1147|SANTA CRUZ DO CAPIBARIBE|PE|SANTA CRUZ DO CAPI
1152|CONDE DA BOA VISTA|PE|RECIFE
1153|ESPINHEIRO|PE|RECIFE
1154|CRUZ CABUGA|PE|RECIFE
1156|CABO|PE|CABO DE SANTO AGOS
1157|RIVER SHOPPING PETROLINA|PE|PETROLINA
1158|SAO PAULO|SP|SAO PAULO
1159|JOAO DE BARROS|PE|RECIFE
1160|CONSELHEIRO AGUIAR|PE|RECIFE