  BANCO   : 041 - BANCO DO ESTADO DO RIO GRANDE DO SUL S.A.  |||
|||
AGENCIA  | TITULO  | UF| PRACA DE PAGAMENTO 
1|PAB CENTRAL|RS|PORTO ALEGRE
2|AU-AZENHA|RS|PORTO ALEGRE
3|AU-BONFIM|RS|PORTO ALEGRE
4|AU-CAMINHO DO MEIO|RS|PORTO ALEGRE
5|AU-CIDADE BAIXA|RS|PORTO ALEGRE
6|POSTO COLISEU|RS|PORTO ALEGRE
7|CRISTO REDENTOR|RS|PORTO ALEGRE
8|AU-FLORESTA|RS|PORTO ALEGRE
9|AU-GLORIA|RS|PORTO ALEGRE
10|AU-MENINO DEUS|RS|PORTO ALEGRE
11|AU-MOINHOS DE VENTO|RS|PORTO ALEGRE
12|AU-NAVENGANTES|RS|PORTO ALEGRE
13|AU-PARTENON|RS|PORTO ALEGRE
14|PASSO DA AREIA|RS|PORTO ALEGRE
15|AU-PETROPOLIS|RS|PORTO ALEGRE
16|AG - IPANEMA|RS|PORTO ALEGRE
17|AU-TERESOPOLIS|RS|PORTO ALEGRE
18|AG - CRISTOVAO COLOMBO|RS|PORTO ALEGRE
19|AU-OTAVIO ROCHA|RS|PORTO ALEGRE
20|AU-AVENIDA DOS ESTADOS|RS|PORTO ALEGRE
21|POSTO ALEGRETE|RS|ALEGRETE
22|POSTO ARROIO GRANDE|RS|ARROIO GRANDE
23|POSTO BAGE|RS|BAGE
24|PAB BARRA DO RIBEIRO|RS|BARRA DO RIBEIRO
25|AG - AVENIDA DOS ESTADOS|RS|PORTO ALEGRE
26|BOM JESUS|RS|BOM JESUS
27|CACAPAVA DO SUL|RS|CACAPAVA DO SUL
28|ASSIS BRASIL|RS|PORTO ALEGRE
29|CACHOEIRA DO SUL|RS|CACHOEIRA DO SUL
30|CAMAQUA|RS|CAMAQUA
31|AU BELEM NOVO|RS|PORTO ALEGRE
32|AG - BOMFIM|RS|PORTO ALEGRE
33|CARAZINHO|RS|CARAZINHO
34|POSTO CAXIAS DO SUL|RS|CAXIAS DO SUL
35|AU-SAO PELEGRINO|RS|CAXIAS DO SUL
36|AG - CAVALHADA|RS|PORTO ALEGRE
37|POSTO DOM PEDRITO|RS|DOM PEDRITO
38|ENCRUZILHADA DO SUL|RS|ENCRUZILHADA DO SU
39|ERECHIM|RS|ERECHIM
40|AG - CIDADE BAIXA|RS|PORTO ALEGRE
41|AU COLISEU|RS|PORTO ALEGRE
42|AG - CRISTO REDENTOR|RS|PORTO ALEGRE
43|AG - VILA IPIRANGA|RS|PORTO ALEGRE
44|POSTO IJUI|RS|IJUI
45|ITAQUI|RS|ITAQUI
46|JAGUARAO|RS|JAGUARAO
47|AG - GLORIA|RS|PORTO ALEGRE
48|JULIO DE CASTILHOS|RS|JULIO DE CASTILHOS
49|LAGOA VERMELHA|RS|LAGOA VERMELHA
50|AG - MENINO DE DEUS|RS|PORTO ALEGRE
51|UNIAO|RS|PORTO ALEGRE
52|POSTO NOVA PRATA|RS|NOVA PRATA
53|PAB NOVO HAMBURGO|RS|NOVO HAMBURGO
54|POSTO OSORIO|RS|OSORIO
55|PASSO FUNDO|RS|PASSO FUNDO
56|PAB PELOTAS|RS|PELOTAS
57|POSTO FRAGATA|RS|PELOTAS
58|POSTO AU TRES VENDAS|RS|PELOTAS
59|POSTO QUARAI|RS|QUARAI
60|AG - NAVEGANTES|RS|PORTO ALEGRE
61|POSTO RIO PARDO|RS|RIO PARDO
62|AG - OTAVIO ROCHA|RS|PORTO ALEGRE
63|POSTO SANTA CRUZ DO SUL|RS|SANTA CRUZ DO SUL
64|POSTO SANTA MARIA|RS|SANTA MARIA
65|SANTANA LIVRAMENTO|RS|SANTANA DO LIVRAME
66|POSTO SANTA ROSA|RS|SANTA ROSA
67|STA VITORIA PALMAR|RS|SANTA VITORIA DO P
68|POSTO SANTIAGO|RS|SANTIAGO
69|PAB SANTO ANGELO|RS|SANTO ANGELO
70|AG - PASSO DA AREIA|RS|PORTO ALEGRE
71|POSTO SAO GABRIEL|RS|SAO GABRIEL
72|POSTO SAO JERONIMO|RS|SAO JERONIMO
73|RUA DA PRAIA|RS|PORTO ALEGRE
74|PAB SAO LUIZ GONZAGA|RS|SAO LUIZ GONZAGA
75|AG - PETROPOLIS|RS|PORTO ALEGRE
76|PAB SAPIRANGA|RS|SAPIRANGA
77|AG - PARCAO|RS|PORTO ALEGRE
78|POSTO SOLEDADE|RS|SOLEDADE
79|POSTO TAPES|RS|TAPES
80|AU SAO JOAO|RS|PORTO ALEGRE
81|POSTO URUGUAIANA|RS|URUGUAIANA
82|AG - TERESOPOLIS|RS|PORTO ALEGRE
83|POSTO VERANOPOLIS|RS|VERANOPOLIS
84|POSTO ANTONIO PRADO|RS|ANTONIO PRADO
85|TRISTEZA|RS|PORTO ALEGRE
86|POSTO ARROIO DO MEIO|RS|ARROIO DO MEIO
87|POSTO CAMPO NOVO|RS|CAMPO NOVO
88|POSTO CANELA|RS|CANELA
89|POSTO CARLOS BARBOSA|RS|CARLOS BARBOSA
90|POSTO CASCA|RS|CASCA
91|POSTO CERRO LARGO|RS|CERRO LARGO
92|POSTO CHARQUEADAS|RS|CHARQUEADAS
93|POSTO CRISSIUMAL|RS|CRISSIUMAL
94|POSTO ENCANTADO|RS|ENCANTADO
95|POSTO ESTRELA|RS|ESTRELA
96|POSTO FLORES DA CUNHA|RS|FLORES DA CUNHA
97|POSTO FREDERICO WESTPHALEN|RS|FREDERICO WESTPHAL
98|POSTO GENERAL CAMARA|RS|GENERAL CAMARA
99|POSTO GETULIO VARGAS|RS|GETULIO VARGAS
100|CENTRAL - MATRIZ|RS|PORTO ALEGRE
101|POSTO GRAMADO|RS|GRAMADO
102|AU AGUDO|RS|AGUDO
103|POSTO GUAPORE|RS|GUAPORE
104|POSTO HERVAL|RS|HERVAL
105|AJURICABA|RS|AJURICABA
107|ALVORADA|RS|ALVORADA
108|POSTO MACHADINHO|RS|MACHADINHO
109|POSTO MARAU|RS|MARAU
110|ALEGRETE|RS|ALEGRETE
111|CIDADE JARDIM|SP|SAO PAULO
112|LAPA|SP|SAO PAULO
113|POSTO PEDRO OSORIO|RS|PEDRO OSORIO
114|POSTO PINHEIRO MACHADO|RS|PINHEIRO MACHADO
115|ARROIO GRANDE|RS|ARROIO GRANDE
116|ARROIO DO TIGRE|RS|ARROIO DO TIGRE
117|ARROIO DOS RATOS|RS|ARROIO DOS RATOS
118|ARVOREZINHA RS|RS|ARVOREZINHA
119|AUGUSTO PESTANA|RS|AUGUSTO PESTANA
120|BAGE|RS|BAGE
121|PAB SAO FRANCISCO ASSIS|RS|SAO FRANCISCO DE A
122|BARAO DE COTEGIPE|RS|BARAO DE COTEGIPE
123|BARRA DO RIBEIRO|RS|BARRA DO RIBEIRO
124|BARROS CASSAL|RS|BARROS CASSAL
125|BELO HORIZONTE|MG|BELO HORIZONTE
126|POSTO TAQUARI|RS|TAQUARI
127|AG BARRACAO|RS|BARRACAO
128|AU CIDADE ALTA|RS|BENTO GONCALVES
129|POSTO TRAMANDAI|RS|TRAMANDAI
130|AG BENTO GONCALVES|RS|BENTO GONCALVES
131|AG - BLUMENAU|SC|BLUMENAU
132|AG - BOM RETIRO DO SUL|RS|BOM RETIRO DO SUL
133|AG - BOM JESUS|RS|BOM JESUS
134|BOA VISTA DO BURICA|RS|BOA VISTA DO BURIC
135|BRASILIA|DF|BRASILIA
136|AG - BUTIA|RS|BUTIA
137|AG - CACAPAVA DO SUL|RS|CACAPAVA DO SUL
138|PAB CURITIBA|PR|CURITIBA
139|CACHOEIRINHA|RS|CACHOEIRINHA
140|CACEQUI|RS|CACEQUI
141|AG - BOSSOROCA|RS|BOSSOROCA
142|BOM PRINCIPIO|RS|BOM PRINCIPIO
143|POSTO SENADOR QUEIROZ|SP|SAO PAULO
144|POSTO AU LAPA|SP|SAO PAULO
145|POSTO ESTANCIA VELHA|RS|ESTANCIA VELHA
146|POSTO NOSSA SENHORA DORE|RS|SANTA MARIA
147|PAB RECIFE|PE|RECIFE
148|PAB HUMAITA|RS|HUMAITA
149|FORTALEZA|CE|FORTALEZA
150|BLUMENAU|SC|BLUMENAU
151|POSTO ARROIO DO TIGRE|RS|ARROIO DO TIGRE
152|AG - CACHOEIRINHA|RS|CACHOEIRINHA
153|POSTO REDENTORA|RS|REDENTORA
155|POSTO TUBARAO|SC|TUBARAO
156|AG - LOMBA DO PINHEIRO|RS|PORTO ALEGRE
158|POSTO AU CIDADE JARDIM|SP|SAO PAULO
159|POSTO SERAFINA CORREA|RS|SERAFINA CORREA
160|AG - CAMAQUA|RS|CAMAQUA
161|POSTO TUCUNDUVA|RS|TUCUNDUVA
163|CAMPO BOM|RS|CAMPO BOM
164|POSTO FORTALEZA DOS VALOS|RS|FORTALEZA DOS VALO
165|CANOAS|RS|CANOAS
167|CANGUCU|RS|CANGUCU
168|AU-CEASA|RS|PORTO ALEGRE
169|AG - CAPAO DO LEAO|RS|CAPAO DO LEAO
170|AG - CARAZINHO|RS|CARAZINHO
171|PORTO LUCENA|RS|PORTO LUCENA
172|POSTO SAO MARTINHO|RS|SAO MARTINHO
173|BARROS CASSAL|RS|BARROS CASSAL
174|POSTO ROLANTE|RS|ROLANTE
175|POSTO BOA VISTA DO BURICA|RS|BOA VISTA DO BURIC
176|POSTO AJURICABA|RS|AJURICABA
177|SANTO ANTONIO DAS MISSOES|RS|SANTO ANTONIO DAS
178|RONDINHA|RS|RONDINHA
180|CAXIAS DO SUL|RS|CAXIAS DO SUL
183|ROQUE GONZALES|RS|ROQUE GONZALES
184|POSTO JACUTINGA|RS|JACUTINGA
185|AG - SAO PELEGRINO|RS|CAXIAS DO SUL
186|CRICIUMA|SC|CRICIUMA
187|AU CONDOR|RS|CONDOR
188|POSTO NOVA PALMA|RS|NOVA PALMA
190|CRUZ ALTA|RS|CRUZ ALTA
191|CRUZEIRO DO SUL|RS|CRUZEIRO DO SUL
192|POSTO RODEIO BONITO|RS|RODEIO BONITO
193|AG COTIPORA|RS|COTIPORA
194|POSTO VIADUTOS|RS|VIADUTOS
195|CURITIBA|PR|CURITIBA
196|CASSINO|RS|RIO GRANDE
197|DOIS IRMAOS|RS|DOIS IRMAOS
198|POSTO CACIQUE DOBLE|RS|CACIQUE DOBLE
199|POSTO IBIRAIARAS|RS|IBIRAIARAS
200|DOM PEDRITO|RS|DOM PEDRITO
201|AU CHACARA BARRETO|RS|CANOAS
202|POSTO SAO VICENTE DO SUL|RS|SAO VICENTE DO SUL
203|POSTO SAO PAULO DAS MISSOES|RS|SAO PAULO DAS MISS
204|POSTO PANAMBI|RS|PANAMBI
205|DAVID CANABARRO|RS|DAVID CANABARRO
206|DONA FRANCISCA|RS|DONA FRANCISCA
207|ENCRUZILHADA DO SUL|RS|ENCRUZILHADA DO SU
208|POSTO TRES DE MAIO|RS|TRES DE MAIO
210|AG - ERECHIM|RS|ERECHIM
211|POSTO MIRAGUAI|RS|MIRAGUAI
212|POSTO CIRIACO|RS|CIRIACO
213|AG ESTEIO|RS|ESTEIO
214|ESTRELA|RS|ESTRELA
215|FARROUPILHA|RS|FARROUPILHA
216|FORTALEZA|CE|FORTALEZA
217|FLORIANOPOLIS|SC|FLORIANOPOLIS
218|GARIBALDI|RS|GARIBALDI
219|GUAIBA|RS|GUAIBA
220|IJUI|RS|IJUI
221|PAIM FILHO|RS|PAIM FILHO
222|POSTO PORTO XAVIER|RS|PORTO XAVIER
223|FORTALEZA DOS VALOS|RS|FORTALEZA DOS VALO
224|GAURAMA|RS|GAURAMA
225|HUMAITA|RS|HUMAITA
227|POSTO ESPUMOSO|RS|ESPUMOSO
228|POSTO FELIZ|RS|FELIZ
229|POSTO GUARANI DAS MISSOES|RS|GUARANI DAS MISSOE
230|AG - ITAQUI|RS|ITAQUI
231|AG - ITATIBA DO SUL|RS|ITATIBA DO SUL
232|AG IVOTI|RS|IVOTI
233|JACUTINGA|RS|JACUTINGA
234|AU UNIAO|RS|PORTO ALEGRE
235|III POLO PETROQUIMICO|RS|TRIUNFO
238|POSTO DOIS IRMAOS|RS|DOIS IRMAOS
239|MOSTARDAS|RS|MOSTARDAS
240|JAGUARI|RS|JAGUARI
241|POSTO MARIANO MORO|RS|MARIANO MORO
242|JOIA|RS|JOIA
243|JOINVILLE|SC|JOINVILLE
244|POSTO AGUDO|RS|AGUDO
245|POSTO CANGUCU|RS|CANGUCU
246|POSTO TRES COROAS|RS|TRES COROAS
248|POSTO SINIMBU|RS|SINIMBU
249|POSTO CASSINO|RS|RIO GRANDE
250|ITATIBA DO SUL|RS|ITATIBA DO SUL
252|POSTO BELEM NOVO|RS|PORTO ALEGRE
257|PUC|RS|PORTO ALEGRE
260|AG - LAGOA VERMELHA|RS|LAGOA VERMELHA
261|POSTO PARAI|RS|PARAI
262|POSTO PORTAO|RS|PORTAO
265|POSTO VERA CRUZ|RS|VERA CRUZ
266|POSTO SAO PEDRO DO SUL|RS|SAO PEDRO DO SUL
267|BUTIA|RS|BUTIA
268|POSTO COLORADO|RS|COLORADO
269|POSTO DONA FRANCISCA|RS|DONA FRANCISCA
270|LAGEADO|RS|LAJEADO
273|POSTO CORONEL BICACO|RS|CORONEL BICACO
274|POSTO CONSTANTINA|RS|CONSTANTINA
275|BOM RETIRO DO SUL|RS|BOM RETIRO DO SUL
276|POSTO CHIAPETA|RS|CHIAPETA
277|POSTO DAVID CANABARRO|RS|DAVID CANABARRO
278|POSTO HORIZONTINA|RS|HORIZONTINA
279|BOA VISTA|RS|ERECHIM
280|AG - SANTANA DO LIVRAMENTO|RS|SANTANA DO LIVRAME
281|POSTO FAXINAL DO SOTURNO|RS|FAXINAL DO SOTURNO
282|POSTO CHAPADA|RS|CHAPADA
283|MONTENEGRO|RS|MONTENEGRO
285|NOVA PRATA|RS|NOVA PRATA
286|AG - MOSTARDAS|RS|MOSTARDAS
287|AU NOSSA SENHORA DE LOURDES|RS|CAXIAS DO SUL
288|AU MEDIANEIRA|RS|SANTA MARIA
289|POSTO PLANALTO|RS|PLANALTO
290|NOVO HAMBURGO|RS|NOVO HAMBURGO
291|POSTO TRIUNFO|RS|TRIUNFO
292|AU-TRES FIGUEIRAS|RS|PORTO ALEGRE
295|AU-VILA IPIRANGA|RS|PORTO ALEGRE
297|POSTO ASSIS BRASIL|RS|PORTO ALEGRE
298|BOSSOROCA|RS|BOSSOROCA
299|POSTO PALMITINHO|RS|PALMITINHO
300|AG OSORIO|RS|OSORIO
301|PALMARES DO SUL|RS|PALMARES DO SUL
302|AU BOM CONSELHO|RS|PORTO ALEGRE
303|PALMEIRA DAS MISSOES|RS|PALMEIRA DAS MISSO
304|PALMITINHO|RS|PALMITINHO
305|PEJUCARA|RS|PEJUCARA
307|NOVA PETROPOLIS|RS|NOVA PETROPOLIS
308|NOVA HARTZ|RS|NOVA HARTZ
309|ROCA SALES|RS|ROCA SALES
310|AG - PASSO FUNDO|RS|PASSO FUNDO
311|AU-CAVALHADA|RS|PORTO ALEGRE
312|POSTO TEUTONIA|RS|TEUTONIA
313|AU-SAO JOSE|RS|PORTO ALEGRE
315|SAO CRISTOVAO|RS|PASSO FUNDO
316|AU PARCAO|RS|PORTO ALEGRE
318|POSTO VICTOR GRAEFF|RS|VICTOR GRAEFF
320|PELOTAS|RS|PELOTAS
321|POSTO COTIPORA|RS|COTIPORA
322|CATUIPE|RS|CATUIPE
323|CAPAO DA CANOA|RS|CAPAO DA CANOA
324|POSTO ERVAL SECO|RS|ERVAL SECO
325|QUARAI|RS|QUARAI
326|POSTO TUPARENDI|RS|TUPARENDI
328|RECIFE|PE|RECIFE
329|REDENTORA|RS|REDENTORA
330|RIO GRANDE|RS|RIO GRANDE
331|AG - ROQUE GONZALES|RS|ROQUE GONZALES
332|ROLANTE|RS|ROLANTE
333|SALTO DO JACUI|RS|SALTO DO JACUI
334|POSTO PALMARES DO SUL|RS|PALMARES DO SUL
335|RIO DE JANEIRO|RJ|RIO DE JANEIRO
336|CAPAO DO LEAO|RS|CAPAO DO LEAO
337|AU COPACABANA|RJ|RIO DE JANEIRO
338|RIO PARDO|RS|RIO PARDO
339|ROSARIO DO SUL|RS|ROSARIO DO SUL
340|SANTA CRUZ DO SUL|RS|SANTA CRUZ DO SUL
341|SANTA BARBARA DO SUL|RS|SANTA BARBARA DO S
342|BARAO|RS|BARAO
343|BAIRRO CIDADE|RS|SANTA CRUZ DO SUL
344|POSTO BARAO|RS|BARAO
345|SALVADOR|BA|SALVADOR
346|AU RUA DA PRAIA|RS|PORTO ALEGRE
347|POSTO EREBANGO|RS|EREBANGO
348|AU-AV. JULIO|RS|PORTO ALEGRE
349|AU-CRISTOVAO COLOMBO|RS|PORTO ALEGRE
350|SANTA MARIA|RS|SANTA MARIA
351|AG - MEDIANEIRA|RS|SANTA MARIA
352|POSTO SCHARLAU|RS|SAO LEOPOLDO
353|NOSSA SENHORA DAS DORES|RS|SANTA MARIA
354|ANA RECH|RS|CAXIAS DO SUL
355|SANTA ROSA|RS|SANTA ROSA
356|PAB CAMOBI|RS|SANTA MARIA
357|AG - STA VITORIA PALMAR|RS|SANTA VITORIA DO P
358|POSTO TERRA DE AREIA|RS|TERRA DE AREIA
359|GUARULHOS|SP|GUARULHOS
360|SANTIAGO|RS|SANTIAGO
361|AU-IPANEMA|RS|PORTO ALEGRE
362|AU-CARLOS GOMES|RS|PORTO ALEGRE
363|AU-P. BELAS SHOPPING|RS|PORTO ALEGRE
364|POSTO CANUDOS|RS|NOVO HAMBURGO
365|POSTO PIO X|RS|CAXIAS DO SUL
366|POSTO PATRIA NOVA|RS|NOVO HAMBURGO
367|POSTO PAVERAMA|RS|PAVERAMA
368|POSTO HARMONIA|RS|HARMONIA
369|TANCREDO NEVES|RS|SANTA MARIA
370|SANTO ANGELO|RS|SANTO ANGELO
371|POSTO PICADA CAFE|RS|PICADA CAFE
372|POSTO NOVA PADUA|RS|NOVA PADUA
373|POSTO SAO JOAO DA URTIGA|RS|SAO JOAO DA URTIGA
374|POSTO ESTACAO|RS|ESTACAO
375|SANTO ANTONIO DAS MISSOES|RS|SANTO ANTONIO DAS
376|POSTO IMBE|RS|IMBE
377|CAMOBI|RS|SANTA MARIA
378|POSTO VILA MARIA|RS|VILA MARIA
379|POSTO MAXIMILIANO DE ALMEIDA|RS|MAXIMILIANO DE ALM
380|SAO BORJA|RS|SAO BORJA
381|POSTO SAO JORGE|RS|SAO JORGE
382|POSTO AV. PROTASIO ALVES|RS|PORTO ALEGRE
383|POSTO BENJAMIN CONSTANT|RS|PORTO ALEGRE
385|SAO FRANCISCO DE ASSIS|RS|SAO FRANCISCO DE A
386|POSTO REDENCAO|RS|PORTO ALEGRE
388|AU BAIRRO BOM JESUS|RS|PORTO ALEGRE
389|POSTO WENCESLAU ESCOBAR|RS|PORTO ALEGRE
390|SAO GABRIEL|RS|SAO GABRIEL
391|AU URUGUAI|RS|PORTO ALEGRE
393|POSTO VOLTA DO GUERINO|RS|PORTO ALEGRE
394|AU ANDRADAS|RS|PORTO ALEGRE
395|AU HOSPITAL CRISTO REDENTOR|RS|PORTO ALEGRE
396|POSTO PRINCESA ISABEL|RS|PORTO ALEGRE
397|POSTO DUQUE DE CAXIAS|RS|PORTO ALEGRE
398|POSTO IGREJA SAO PEDRO|RS|PORTO ALEGRE
399|POSTO BORGES MEDEIROS|RS|PORTO ALEGRE
400|SAO GERONIMO|RS|SAO JERONIMO
401|BOQUEIRAO|RS|CANOAS
403|AU CEL MARCOS ANDRADE|RS|VIAMAO
406|AU GASPAR MARTINS|RS|ALEGRETE
410|SAO LEOPOLDO|RS|SAO LEOPOLDO
411|SAO MARTINHO|RS|SAO MARTINHO
412|SAO LUIZ GONZAGA|RS|SAO LUIZ GONZAGA
413|SAO PAULO|SP|SAO PAULO
414|AG SAO SEPE|RS|SAO SEPE
415|RIO BRANCO|RS|SAO LEOPOLDO
416|SAPIRANGA|RS|SAPIRANGA
417|SARANDI|RS|SARANDI
418|SOLEDADE|RS|SOLEDADE
419|TAPES|RS|TAPES
420|TUPANCIRETA|RS|TUPANCIRETA
421|TUBARAO|SC|TUBARAO
422|SELBACH|RS|SELBACH
423|TUCUNDUVA|RS|TUCUNDUVA
424|TAVARES|RS|TAVARES
427|TAPEJARA|RS|TAPEJARA
428|TUPARENDI|RS|TUPARENDI
430|URUGUAIANA|RS|URUGUAIANA
431|POSTO PEDRAS BRANCAS|RS|GUAIBA
432|AU RUA ERNESTO ALVES|RS|IJUI
433|POSTO ILOPOLIS|RS|ILOPOLIS
434|POSTO IRAI|RS|IRAI
436|POSTO STO INACIO DE LOYOLA|RS|LAJEADO
437|AU SCHARLAU|RS|SAO LEOPOLDO
439|POSTO NOVA ARACA|RS|NOVA ARACA
440|VACARIA|RS|VACARIA
441|AU LIMA E SILVA|RS|NOVO HAMBURGO
443|POSTO AV. GENERAL NETO|RS|PASSO FUNDO
444|POSTO QUINZE DE NOVEMBRO|RS|PELOTAS
445|POSTO PUTINGA|RS|PUTINGA
448|POSTO SALVADOR DO SUL|RS|SALVADOR DO SUL
449|POSTO RUA DR. BOZANO|RS|SANTA MARIA
450|VERANOPOLIS|RS|VERANOPOLIS
451|AU SETE DE SETEMBRO|RS|SANTANA DO LIVRAME
453|AU MISSOES|RS|SANTO ANGELO
455|VICENTE DUTRA|RS|VICENTE DUTRA
456|POSTO SAO FRANCISCO DE PAULA|RS|SAO FRANCISCO DE P
457|VICTOR GRAEFF|RS|VICTOR GRAEFF
458|AU RUA GRANDE|RS|SAO LEOPOLDO
460|AU SENADOR QUEIROZ|SP|SAO PAULO
465|AU GENERAL FROTA|RS|TAQUARA
466|AU FERNANDES BASTOS|RS|TRAMANDAI
468|AU SANT'ANA|RS|URUGUAIANA
469|AU PORTEIRA RIO GRANDE|RS|VACARIA
470|AU FRAGATA|RS|PELOTAS
472|POSTO ENTRE RIOS DO SUL|RS|ENTRE RIOS DO SUL
473|AU TUNEL VERDE|RS|SANTA CRUZ DO SUL
474|POSTO FEITORIA|RS|SAO LEOPOLDO
475|TRES VENDAS|RS|PELOTAS
476|POSTO RESTINGA|RS|PORTO ALEGRE
477|POSTO AU TANCREDO NEVES|RS|SANTA MARIA
478|POSTO BORGUETTI|RS|CARAZINHO
479|POSTO TRES CACHOEIRAS|RS|TRES CACHOEIRAS
480|TIJUCA|RJ|RIO DE JANEIRO
481|POSTO PARQUE DOS ANJOS|RS|GRAVATAI
482|POSTO AU BAIRRO CIDADE|RS|SANTA CRUZ DO SUL
483|AREAL|RS|PELOTAS
484|POSTO BALNEáRIO PINHAL|RS|BALNEARIO PINHAL
486|LOMBA DO PINHEIRO|RS|PORTO ALEGRE
487|BOA VISTA|RS|ERECHIM
493|POSTO PUC|RS|PORTO ALEGRE
500|ALECRIM|RS|ALECRIM
505|ALPESTRE|RS|ALPESTRE
508|DOM FELICIANO|RS|DOM FELICIANO
510|ANTA GORDA|RS|ANTA GORDA
513|VILA FLORES|RS|VILA FLORES
515|KOBRASOL|SC|SAO JOSE
516|AU CANUDOS|RS|NOVO HAMBURGO
518|AU BORGUETTI|RS|CARAZINHO
520|ANTONIO PRADO|RS|ANTONIO PRADO
525|ARATIBA|RS|ARATIBA
529|CERRO GRANDE DO SUL|RS|CERRO GRANDE DO SU
547|CAPELA DE SANTANA|RS|CAPELA DE SANTANA
548|CRUZEIRO SANTA ROSA|RS|SANTA ROSA
549|SANTA MARIA DO HERVAL|RS|SANTA MARIA DO HER
550|ARROIO DO MEIO|RS|ARROIO DO MEIO
551|CACIQUE DOBLE|RS|CACIQUE DOBLE
553|CAMPO NOVO|RS|CAMPO NOVO
555|CANELA|RS|CANELA
556|CANDELARIA|RS|CANDELARIA
557|CAMBARA DO SUL|RS|CAMBARA DO SUL
559|ERNESTINA|RS|ERNESTINA
560|CANDIDO GODOI|RS|CANDIDO GODOI
567|HARMONIA|RS|HARMONIA
568|NOVA PADUA|RS|NOVA PADUA
569|IMIGRANTES|RS|IMIGRANTE
570|NOVA SANTA RITA|RS|NOVA SANTA RITA
571|PAVERAMA|RS|PAVERAMA
572|PICADA CAFE|RS|PICADA CAFE
573|SAO JOAO DA URTIGA|RS|SAO JOAO DA URTIGA
574|VILA MARIA|RS|VILA MARIA
575|IMBE|RS|IMBE
576|ESTACAO|RS|ESTACAO
577|CANDIOTA|RS|CANDIOTA
578|ARROIO DO SAL|RS|ARROIO DO SAL
580|CARLOS BARBOSA|RS|CARLOS BARBOSA
582|CHAPECO|SC|CHAPECO
584|CHAPADA|RS|CHAPADA
585|CASCA|RS|CASCA
586|CERRO BRANCO|RS|CERRO BRANCO
587|CERRO LARGO|RS|CERRO LARGO
588|CHIAPETA|RS|CHIAPETA
589|COLORADO|RS|COLORADO
590|CHARQUEADAS|RS|CHARQUEADAS
592|CIRIACO|RS|CIRIACO
593|CRISSIUMAL|RS|CRISSIUMAL
594|CONSTANTINA|RS|CONSTANTINA
595|ENCANTADO|RS|ENCANTADO
596|CORONEL BICACO|RS|CORONEL BICACO
597|CENTRO ADMINISTRATIVO|RS|PORTO ALEGRE
598|ERVAL SECO|RS|ERVAL SECO
599|EREBANGO|RS|EREBANGO
600|ESMERALDA|RS|ESMERALDA
601|CIDREIRA|RS|CIDREIRA
602|SEGREDO|RS|SEGREDO
605|ESPUMOSO|RS|ESPUMOSO
606|AU  PIO X|RS|CAXIAS DO SUL
607|AU PATRIA NOVA|RS|NOVO HAMBURGO
610|ESTANCIA VELHA|RS|ESTANCIA VELHA
612|CRISTAL|RS|CRISTAL
613|FAXINAL DO SOTURNO|RS|FAXINAL DO SOTURNO
615|FELIZ|RS|FELIZ
618|MAXIMILIANO DE ALMEIDA|RS|MAXIMILIANO DE ALM
619|CAICARA|RS|CAICARA
620|AGENCIA SAO JORGE|RS|SAO JORGE
621|PODER JUDICIARIO|RS|PORTO ALEGRE
624|CAMPOS VELHO|RS|PORTO ALEGRE
625|FLORES DA CUNHA|RS|FLORES DA CUNHA
627|FORMIGUEIRO|RS|FORMIGUEIRO
630|FREDERICO WESTPHALEN|RS|FREDERICO WESTPHAL
640|GENERAL CAMARA|RS|GENERAL CAMARA
643|SHOPPING TOTAL|RS|PORTO ALEGRE
650|GETULIO VARGAS|RS|GETULIO VARGAS
655|XANGRI-LA|RS|XANGRI-LA
659|PINHAL GRANDE|RS|PINHAL GRANDE
660|GIRUA|RS|GIRUA
665|GRAMADO|RS|GRAMADO
668|NOIVA DO MAR|RS|RIO GRANDE
670|GRAVATAI|RS|GRAVATAI
671|SEBERI|RS|SEBERI
675|GUAPORE|RS|GUAPORE
677|IPE|RS|IPE
678|SAO JOSE DO HORTENCIO|RS|SAO JOSE DO HORTEN
680|GUARANI DAS MISSOES|RS|GUARANI DAS MISSOE
681|AMETISTA DO SUL|RS|AMETISTA DO SUL
687|AMARAL FERRADOR|RS|AMARAL FERRADOR
690|HERVAL|RS|HERVAL
691|ERVAL GRANDE|RS|ERVAL GRANDE
692|HORIZONTINA|RS|HORIZONTINA
693|IBIRAIARAS|RS|IBIRAIARAS
695|IBIRUBA|RS|IBIRUBA
697|IGREJINHA|RS|IGREJINHA
702|BOULEVARD STRIP CENTER|RS|PORTO ALEGRE
706|BARRA FUNDA|RS|BARRA FUNDA
707|CASCAVEL|PR|CASCAVEL
711|DOIS LAJEADOS|RS|DOIS LAJEADOS
712|CAPIVARI DO SUL|RS|CAPIVARI DO SUL
713|MANOEL VIANA|RS|MANOEL VIANA
714|MAQUINE|RS|MAQUINE
718|SEVERIANO DE ALMEIDA|RS|SEVERIANO DE ALMEI
720|LAVRAS DO SUL|RS|LAVRAS DO SUL
724|LIBERATO SALZANO|RS|LIBERATO SALZANO
725|MACHADINHO|RS|MACHADINHO
727|MARAU|RS|MARAU
730|MARCELINO RAMOS|RS|MARCELINO RAMOS
735|MARIANO MORO|RS|MARIANO MORO
736|RIOZINHO|RS|RIOZINHO
740|MIRAGUAI|RS|MIRAGUAI
743|TUPANDI|RS|TUPANDI
745|TRINDADE DO SUL|RS|TRINDADE DO SUL
750|MUCUM|RS|MUCUM
752|PANTANO GRANDE|RS|PANTANO GRANDE
753|NONOAI|RS|NONOAI
755|NOVA BASSANO|RS|NOVA BASSANO
757|NOVA PALMA|RS|NOVA PALMA
758|PANAMBI|RS|PANAMBI
759|PARAI|RS|PARAI
760|PEDRO OSORIO|RS|PEDRO OSORIO
762|AV.BRASIL P.FUNDO|RS|PASSO FUNDO
764|BARAO DO TRIUNFO|RS|BARAO DO TRIUNFO
770|PINHEIRO MACHADO|RS|PINHEIRO MACHADO
772|AREAL|RS|PELOTAS
775|PIRATINI|RS|PIRATINI
776|PLANALTO|RS|PLANALTO
780|PORTO XAVIER|RS|PORTO XAVIER
783|VIAMOPOLIS|RS|VIAMAO
785|PORTAO|RS|PORTAO
786|MINAS LEAO|RS|MINAS DO LEAO
788|AU FEITORIA|RS|SAO LEOPOLDO
789|NAO-ME-TOQUE|RS|NAO-ME-TOQUE
790|RESTINGA SECA|RS|RESTINGA SECA
791|PAROBE|RS|PAROBE
793|RONDA ALTA|RS|RONDA ALTA
795|RODEIO BONITO|RS|RODEIO BONITO
797|AU RESTINGA|RS|PORTO ALEGRE
798|TRES CACHOEIRAS|RS|TRES CACHOEIRAS
799|AU AEROPORTO|RS|PORTO ALEGRE
800|CHUI|RS|CHUI
801|CONCORDIA|SC|CONCORDIA
807|CACADOR|SC|CACADOR
808|AU PARQUE DOS ANJOS|RS|GRAVATAI
809|SAO MIGUEL DO OESTE|SC|SAO MIGUEL D'OESTE
810|ITAJAI|SC|ITAJAI
814|SAO VENDELINO|RS|SAO VENDELINO
815|BALNEARIO CAMBORIU|SC|BALNEARIO CAMBORIU
816|SAO DOMINGOS DO SUL|RS|SAO DOMINGOS DO SU
817|PINHEIRINHO DO VALE|RS|PINHEIRINHO DO VAL
818|SAO NICOLAU|RS|SAO NICOLAU
819|SAPUCAIA DO SUL|RS|SAPUCAIA DO SUL
820|SANANDUVA|RS|SANANDUVA
821|SANTANA DA BOA VISTA|RS|SANTANA DA BOA VIS
822|SANTO ANTONIO DA PATRULHA|RS|SANTO ANTONIO DA P
824|UCS|RS|CAXIAS DO SUL
825|SANTO AUGUSTO|RS|SANTO AUGUSTO
826|LAGES|SC|LAGES
827|NOVA ESPERANCA DO SUL|RS|NOVA ESPERANCA DO
829|FAZENDA SOUZA CAXIAS|RS|CAXIAS DO SUL
830|JOACABA|SC|JOACABA
831|AV.BALTAZAR O. GARCIA|RS|PORTO ALEGRE
833|SERTAO-RS|RS|SERTAO
834|PALACIO DA POLICIA|RS|PORTO ALEGRE
835|AU BORGES MEDEIROS|RS|PORTO ALEGRE
838|AU PRINCESA ISABEL|RS|PORTO ALEGRE
839|AU DUQUE DE CAXIAS|RS|PORTO ALEGRE
840|AU IGREJA SAO PEDRO|RS|PORTO ALEGRE
843|BENJAMIN CONSTANT|RS|PORTO ALEGRE
844|AU AV. PROTASIO ALVES|RS|PORTO ALEGRE
845|AU BEIRA RIO|RS|PORTO ALEGRE
847|AU REDENCAO|RS|PORTO ALEGRE
850|SANTO CRISTO|RS|SANTO CRISTO
851|AU WENCESLAU ESCOBAR|RS|PORTO ALEGRE
852|AU UNIVERSITáRIA|RS|PORTO ALEGRE
856|AU VOLTA DO GUERINO|RS|PORTO ALEGRE
860|SAO JOSE DO NORTE|RS|SAO JOSE DO NORTE
861|SAO JOSE DO OURO|RS|SAO JOSE DO OURO
868|CAMPINA DAS MISSOES|RS|CAMPINA DAS MISSOE
870|SAO LOURENCO DO SUL|RS|SAO LOURENCO DO SU
871|AU 15 DE JANEIRO|RS|CANOAS
873|AU ALFREDO CHAVES|RS|CAXIAS DO SUL
874|AU ALDO LOCATELLI|RS|CAXIAS DO SUL
878|ELDORADO DO SUL|RS|ELDORADO DO SUL
879|ENTRE RIOS DO SUL|RS|ENTRE RIOS DO SUL
880|SAO MARCOS|RS|SAO MARCOS
890|SAO PAULO DAS MISSOES|RS|SAO PAULO DAS MISS
891|SAO SEBASTIAO DO CAI|RS|SAO SEBASTIAO DO C
893|SAO PEDRO DO SUL|RS|SAO PEDRO DO SUL
895|SAO VICENTE DO SUL|RS|SAO VICENTE DO SUL
897|VILA BRANCA|RS|GRAVATAI
898|AU PEDRAS BRANCAS|RS|GUAIBA
900|SERAFINA CORREIA|RS|SERAFINA CORREA
901|TERRA DE AREIA|RS|TERRA DE AREIA
902|ILOPOLIS|RS|ILOPOLIS
903|IRAI|RS|IRAI
906|AU S. INACIO LOYOLLA|RS|LAJEADO
908|SILVEIRA MARTINS|RS|SILVEIRA MARTINS
909|SINIMBU|RS|SINIMBU
910|SOBRADINHO|RS|SOBRADINHO
913|NOVA ARACA|RS|NOVA ARACA
914|NOVA BRESCIA|RS|NOVA BRESCIA
917|AU AV. GENERAL NETO|RS|PASSO FUNDO
918|AU 15 DE NOVEMBRO|RS|PELOTAS
919|PUTINGA|RS|PUTINGA
922|SALVADOR DO SUL|RS|SALVADOR DO SUL
924|AU RUA DR. BOZANO|RS|SANTA MARIA
931|SAO FRANCISCO PAULA|RS|SAO FRANCISCO DE P
937|TAPERA|RS|TAPERA
940|TAQUARA|RS|TAQUARA
942|TENENTE PORTELA|RS|TENENTE PORTELA
943|TRAMANDAI|RS|TRAMANDAI
944|TRES DE MAIO|RS|TRES DE MAIO
945|TRES PASSOS|RS|TRES PASSOS
946|TEUTONIA|RS|TEUTONIA
948|TRES COROAS|RS|TRES COROAS
949|TRIUNFO|RS|TRIUNFO
950|TAQUARI|RS|TAQUARI
953|TRES ARROIOS|RS|TRES ARROIOS
955|TORRES|RS|TORRES
957|VENANCIO AIRES|RS|VENANCIO AIRES
958|FONTOURA XAVIER|RS|FONTOURA XAVIER
959|VERA CRUZ|RS|VERA CRUZ
960|VIADUTOS|RS|VIADUTOS
964|EUGENIO DE CASTRO|RS|EUGENIO DE CASTRO
965|VIAMAO|RS|VIAMAO
977|BALNEáRIO PINHAL|RS|BALNEARIO PINHAL
979|CERRITO|RS|CERRITO
982|SANTA ISABEL|RS|VIAMAO
990|ZONA NORTE CACHOEIRA|RS|CACHOEIRA DO SUL
1000|NITEROI CANOAS|RS|CANOAS
1004|AV. OTTO NIEMEYER|RS|PORTO ALEGRE
1005|CALDAS JUNIOR|RS|PORTO ALEGRE
1006|HAMBURGO VELHO|RS|NOVO HAMBURGO
1007|BRUSQUE|SC|BRUSQUE
1008|ARARANGUA SC|SC|ARARANGUA
1009|VENEZIANOS|RS|PORTO ALEGRE
1010|ESTREITO, FLORIANOPOLIS (SC)|SC|FLORIANOPOLIS
1011|INDAIAL(SC)|SC|INDAIAL
1015|ALTO PETROPOLIS|RS|PORTO ALEGRE
1016|SAO BENTO DO SUL|SC|SAO BENTO DO SUL
1018|JARAGUA DO SUL|SC|JARAGUA DO SUL
1023|POMPEIA|SP|SAO PAULO
1025|PALHOCA|SC|PALHOCA
1026|GASPAR|SC|GASPAR
1027|RIO NEGRINHO|SC|RIO NEGRINHO
1028|DO VALE CACHOEIRINHA|RS|CACHOEIRINHA
1029|TRINDADE|SC|FLORIANOPOLIS
1042|BOURBON IPIRANGA|RS|PORTO ALEGRE
1043|ITAPEMA|SC|ITAPEMA
1044|SHOPPING IDEAL SC|SC|SAO JOSE
1045|GENERAL MOTORS|RS|GRAVATAI
1050|MACAMBARA|RS|MACAMBARA
1051|PRESIDENTE VARGAS|RS|SANTA MARIA
1052|LAGOAO|RS|LAGOAO
1054|IBARAMA|RS|IBARAMA
1055|MATA|RS|MATA
1056|NOVO CABRAIS|RS|NOVO CABRAIS
1057|PASSO DO SOBRADO|RS|PASSO DO SOBRADO
1058|PROGRESSO|RS|PROGRESSO
1059|GEN. OSORIO PELOTAS|RS|PELOTAS
1060|AMERICA JOINVILLE|SC|JOINVILLE
1061|CARAA|RS|CARAA
1062|ENTRE-IJUIS|RS|ENTRE-IJUIS
1063|HULHA NEGRA|RS|HULHA NEGRA
1064|INDEPENDêNCIA|RS|INDEPENDENCIA
1065|NOVA ROMA DO SUL|RS|NOVA ROMA DO SUL
1066|PARAISO DO SUL|RS|PARAISO DO SUL
1067|VALE VERDE|RS|VALE VERDE
1068|IBIRAPUITA|RS|IBIRAPUITA
1069|BARRA SHOPPING SUL|RS|PORTO ALEGRE
1070|NOVA ALVORADA|RS|NOVA ALVORADA
1071|VALE REAL|RS|VALE REAL
1072|UPF CAMPUS I|RS|PASSO FUNDO
1073|AEROPORTO|RS|PORTO ALEGRE
1074|BAIRRO CRUZEIRO CAXIAS|RS|CAXIAS DO SUL
1075|MINISTERIO PUBLICO|RS|PORTO ALEGRE
1076|AGUAS CLARAS VIAMAO|RS|VIAMAO
1077|CAMPINAS DO SUL|RS|CAMPINAS DO SUL
1078|COQUEIROS DO SUL|RS|COQUEIROS DO SUL
1079|TRES PALMEIRAS|RS|TRES PALMEIRAS
1080|JARI|RS|JARI
1081|CEEE|RS|PORTO ALEGRE
1082|MARIA ELIZABETH|RS|PASSO FUNDO
1083|CENTENARIO|RS|CENTENARIO
1084|AUREA|RS|AUREA
1085|VILA NOVA DO SUL|RS|VILA NOVA DO SUL
1086|MARIANA PIMENTEL|RS|MARIANA PIMENTEL
1087|ITACURUBI|RS|ITACURUBI
1088|QUEVEDOS|RS|QUEVEDOS
1089|MARATA|RS|MARATA
1090|ALEGRIA|RS|ALEGRIA
1091|DERRUBADAS|RS|DERRUBADAS
1092|DR. MAURICIO CARDOSO|RS|DOUTOR MAURICIO CA
1093|SAO MIGUEL DAS MISSOES|RS|SAO MIGUEL DAS MIS
1094|GARRUCHOS|RS|GARRUCHOS
1095|PASSA SETE|RS|PASSA SETE
1096|NOVA VICENZA|RS|FARROUPILHA
1097|XANXERE|SC|XANXERE
1098|NOVA IPANEMA|RS|PORTO ALEGRE
1099|PALACIO DA JUSTICA|RS|PORTO ALEGRE
1100|DILERMANDO DE AGUIAR|RS|DILERMANDO DE AGUI
1101|GRAMADO XAVIER|RS|GRAMADO XAVIER
1102|BOA VISTA DO INCRA|RS|BOA VISTA DO INCRA
1103|TRIBUNAL DE JUSTICA|RS|PORTO ALEGRE
1104|BOTAFOGO|RS|BENTO GONCALVES
1105|SAO ROQUE|RS|BENTO GONCALVES
1107|PARECI NOVO|RS|PARECI NOVO
1108|FAZENDA VILANOVA|RS|FAZENDA VILANOVA
1109|PONTAO|RS|PONTAO
1110|RINCAO|RS|NOVO HAMBURGO
1111|SAO MARTINHO DA SERRA|RS|SAO MARTINHO DA SE
1112|CAMPESTRE DA SERRA|RS|CAMPESTRE DA SERRA
1113|SANTO ANTONIO DO PLANALTO|RS|SANTO ANTONIO DO P
1114|MARECHAL FLORIANO|RS|BAGE
1115|ACEGUA|RS|ACEGUA
1116|FRONTEIRA DA PAZ|RS|SANTANA DO LIVRAME
1117|CAIBATE|RS|CAIBATE
1118|SAO JOSE DOS AUSENTES|RS|SAO JOSE DOS AUSEN
1119|BOQUEIRAO DO LEAO|RS|BOQUEIRAO DO LEAO
1120|PRACA DA BANDEIRA|RS|CAXIAS DO SUL
1121|SANTA CLARA DO SUL|RS|SANTA CLARA DO SUL
1122|SENTINELA DO SUL|RS|SENTINELA DO SUL
1123|BAIRRO PIPPI|RS|SANTO ANGELO
1124|AGUA SANTA|RS|AGUA SANTA
1125|PLACIDO DE CASTRO|RS|CRUZ ALTA
1126|BELA VISTA|RS|ALVORADA
1127|BONS VENTOS|RS|OSORIO
1128|TIRADENTES DO SUL|RS|TIRADENTES DO SUL
1129|PADRE CLARET|RS|ESTEIO
1130|VALE DO SOL|RS|VALE DO SOL
1132|VIDEIRA|SC|VIDEIRA
1133|BAIRRO EXPOSICAO|RS|CAXIAS DO SUL
1134|UNISC|RS|SANTA CRUZ DO SUL
1136|MATHIAS VELHO|RS|CANOAS
1137|PORTAL DAS MISSOES|RS|IJUI
1138|CHARRUAS ALEGRETE|RS|ALEGRETE
1139|GALOPOLIS|RS|CAXIAS DO SUL
1140|RUA DA LADEIRA|RS|PORTO ALEGRE
1141|CAMPINA SAO LEOPOLDO|RS|SAO LEOPOLDO
1142|GAROPABA|SC|GAROPABA
1143|VILLAGGIO IGUATEMI|RS|CAXIAS DO SUL
1144|TUNEL VERDE|RS|SANTA CRUZ DO SUL
1145|OSCAR SALAZAR|RS|ERECHIM
1146|RIO DO SUL|SC|RIO DO SUL
1147|SERTAO SANTANA|RS|SERTAO SANTANA
1151|BAIRRO VILA NOVA|RS|PORTO ALEGRE
1152|QUATORZE DE JULHO|RS|SANTA ROSA
1155|CAPITAL DAS PRAIAS|RS|TRAMANDAI
1156|BAIRRO KAYSER CAXIAS|RS|CAXIAS DO SUL
1157|CAMBOIM|RS|SAPUCAIA DO SUL
1158|SEPE TIARAJU|RS|SAO GABRIEL
1160|GLORINHA|RS|GLORINHA
1167|PRACA DA ENCOL|RS|PORTO ALEGRE
1168|NILO PECANHA|RS|PORTO ALEGRE
1175|PORTEIRA DO RIO GRANDE|RS|VACARIA
1176|PRAÇA JULIO CASTILHOS|RS|VIAMAO
1200|AGENCIA EDIFICIO SEDE|RS|PORTO ALEGRE
1800|AGENCIA DIGITAL|RS|PORTO ALEGRE
2329|AV.BRASIL P.FUNDO|RS|PASSO FUNDO
4086|PERSONNALITE SP/ALTO PINHEIROS|SP|SAO PAULO