  BANCO   : 036 - BANCO BRADESCO BBI |||
|||
AGENCIA  | TITULO  | UF| PRACA DE PAGAMENTO 
1|SANTA INES|MA|SANTA INES
2|CHAPADINHA|MA|CHAPADINHA
3|CAXIAS|MA|CAXIAS
4|COLINAS|MA|COLINAS
5|SAO JOAO DOS PATOS|MA|SAO JOAO DOS PATOS
6|PRESIDENTE DUTRA|MA|PRESIDENTE DUTRA
7|SAO BENTO|MA|SAO BENTO
8|RIO DE JANEIRO|RJ|RIO DE JANEIRO
9|BARRA DO CORDA|MA|BARRA DO CORDA
10|VIANA|MA|VIANA
11|VITORINO FREIRE|MA|VITORINO FREIRE
12|IMPERATRIZ|MA|IMPERATRIZ
13|CENTRAL|MA|SAO LUIS
14|VARGEM GRANDE|MA|VARGEM GRANDE
15|PEDREIRAS|MA|PEDREIRAS
16|ZE DOCA|MA|ZE DOCA
17|METRO-SAO FRANCISCO|MA|SAO LUIS
18|SAO JOSE DE RIBAMAR|MA|SAO JOSE DE RIBAMA
19|SANTA LUZIA|MA|SANTA LUZIA
21|MET. RUA GRANDE|MA|SAO LUIS
22|SAO PAULO|SP|SAO PAULO
23|ARARI|MA|ARARI
24|MET. JOAO PAULO|MA|SAO LUIS
25|TIMON|MA|TIMON
27|SAO RAIM DAS MANGABEIRAS|MA|SAO RAIMUNDO DAS M
28|SAO BENEDITO DO RIO PRETO|MA|SAO BENEDITO DO RI
30|ANAJATUBA|MA|ANAJATUBA
31|CARUTAPERA|MA|CARUTAPERA
32|GUIMARAES|MA|GUIMARAES
33|MET. TIRIRICAL|MA|SAO LUIS
34|BACABAL|MA|BACABAL
35|MAIOBAO|MA|PACO DO LUMIAR
36|SANTA LUZIA DO PARUA|MA|SANTA LUZIA DO PAR
37|ACAILANDIA|MA|ACAILANDIA
38|ESTREITO|MA|ESTREITO
39|BALSAS|MA|BALSAS
40|MET. PEDRO II|MA|SAO LUIS
41|LAGO DA PEDRA|MA|LAGO DA PEDRA
42|ITAPECURU MIRIN|MA|ITAPECURU MIRIM
43|MET. DEODORO|MA|SAO LUIS
44|MET. KENNEDY|MA|SAO LUIS
46|CAROLINA|MA|CAROLINA
47|RIACHAO|MA|RIACHAO
48|PORTO FRANCO|MA|PORTO FRANCO
49|PENALVA|MA|PENALVA
50|BREJO|MA|BREJO
51|TURIACU|MA|TURIACU
52|MIRANDA DO NORTE|MA|MIRANDA DO NORTE
53|URBANO SANTOS|MA|URBANO SANTOS
54|ARAME|MA|ARAME
55|SAO DOMINGOS DO MARANHAO|MA|SAO DOMINGOS DO MA
56|PARAIBANO|MA|PARAIBANO
57|BURITI BRAVO|MA|BURITI BRAVO
58|MONTES ALTOS|MA|MONTES ALTOS
59|AMARANTE DO MARANHAO|MA|AMARANTE DO MARANH
61|MET. DOM PEDRO|MA|DOM PEDRO
62|ALCANTARA|MA|ALCANTARA
63|PEDRO BORGES (FORTALEZA)|CE|FORTALEZA
64|PASTOS BONS|MA|PASTOS BONS
65|MONCAO|MA|MONCAO
66|ITINGA|MA|ACAILANDIA
67|JOAO LISBOA|MA|JOAO LISBOA
68|COROATA|MA|COROATA
69|FORTALEZA DOS NOGUEIRAS|MA|FORTALEZA DOS NOGU
70|BURITICUPU|MA|SANTA LUZIA
71|CURURUPU|MA|CURURUPU
72|TUNTUM|MA|TUNTUM
73|CODO|MA|CODO
74|GRAJAU|MA|GRAJAU
75|TERESINA|PI|TERESINA
76|SANTA RITA|MA|SANTA RITA
77|SAO MATEUS DO MARANHAO|MA|SAO MATEUS DO MARA
78|SITIO NOVO|MA|SITIO NOVO
79|COELHO NETO|MA|COELHO NETO
80|AXIXA|MA|AXIXA
82|METRO-COHAB|MA|SAO LUIS
84|ROSARIO|MA|ROSARIO
86|METRO PRAIA GRANDE|MA|SAO LUIS
87|FORTUNA|MA|FORTUNA
88|ELETRONICA|MA|SAO LUIS
89|MATINHA|MA|MATINHA
90|CIDADE OPERARIA|MA|SAO LUIS
91|ANJO DA GUARDA|MA|SAO LUIS
92|COHATRAC|MA|SAO LUIS
93|GETULIO VARGAS|MA|IMPERATRIZ
94|RAPOSA|MA|PACO DO LUMIAR
95|DETRAN|MA|SAO LUIS
96|PLAZA|MA|SAO LUIS
97|OLHO D AGUA|MA|SAO LUIS
98|SAO PEDRO D'AGUA BRANCA|MA|IMPERATRIZ
99|MET. GOVERNADOR LOBAO|MA|SAO LUIS